id,first_name,last_name,email,gender,ip_address
1,Uriel,Clute,uclute0@state.tx.us,Genderqueer,218.62.62.13
2,Seline,Lamminam,slamminam1@icq.com,Polygender,197.208.238.120
3,Ogdan,Makepeace,omakepeace2@histats.com,Bigender,253.145.28.252
4,Hyacinthie,Yukhnin,hyukhnin3@github.com,Genderfluid,124.175.123.56
5,Normy,Browning,nbrowning4@delicious.com,Agender,128.227.46.192
6,Chip,Cathel,ccathel5@dot.gov,Non-binary,58.182.121.36
7,Viviyan,Annis,vannis6@yellowbook.com,Bigender,6.182.245.254
8,Kerr,Alexandersen,kalexandersen7@mozilla.org,Bigender,234.193.175.237
9,Raynor,Bennoe,rbennoe8@weibo.com,Female,153.76.185.163
10,Evangelia,Depper,edepper9@amazon.com,Female,10.207.169.231
11,Lorita,Halburton,lhalburtona@w3.org,Non-binary,142.2.25.161
12,Clea,Guthrie,cguthrieb@geocities.jp,Genderfluid,69.103.42.86
13,Corbet,Nosworthy,cnosworthyc@mediafire.com,Non-binary,194.202.130.46
14,Jermain,Valentetti,jvalentettid@cloudflare.com,Polygender,132.180.186.101
15,Sheena,Abbets,sabbetse@pagesperso-orange.fr,Agender,178.99.107.68
